Metric,Value,Target,Unit,Trend
Active Students,1420,1500,count,+8.5%
Event Attendance Rate,84.2,80.0,percent,+5.2%
Appointment Utilization,91.8,85.0,percent,+3.4%
System Uptime,99.94,99.90,percent,+0.04%
Sprint 1 Story Points Completed,42,40,points,100%
Sprint 2 Story Points Completed,38,40,points,95%
Sprint 3 Story Points Completed,45,45,points,100%
Sprint 4 Story Points Remaining,12,0,points,In Progress
FERPA Audit Checks Passed,100.0,100.0,percent,Compliant
Gemini AI Resolution Rate,88.6,85.0,percent,+2.1%
